"variable","mean","std_dev","variation_coef","p_01","p_05","p_25","p_50","p_75","p_95","p_99","skewness","kurtosis","iqr","range_98","range_80"
"1","cosecha",201805.859556494,203.295463799745,0.00100738137260496,201308,201503,201610,201808,202001,202105,202107,-0.238381472332443,2.17293936003652,391,"[201308, 202107]","[201511, 202102]"
"2","expediente",30641854.5306984,1174749.63675798,0.0383380723768224,25479882.88,30011005,30160072,30499383,30979108,32148404,32220954.04,-2.17783028561719,11.6309104566909,819036,"[25479882.88, 32220954.04]","[30055983.6, 32085297]"
"3","malo",0.174536129129582,0.379598479743184,2.1748991548985,0,0,0,0,0,1,1,1.71490898676756,3.94091283289613,0,"[0, 1]","[0, 1]"
"4","indeterminado",0.00618494493890481,0.0784067521169921,12.6770331654522,0,0,0,0,0,0,0,12.5971881888705,159.68915026582,0,"[0, 0]","[0, 0]"
"5","insuficiente",0.130638105294916,0.33702956234189,2.57987178841154,0,0,0,0,0,1,1,2.19203178996698,5.80500336822583,0,"[0, 1]","[0, 1]"
"6","edad",37.2241665409564,10.3039715591315,0.276808657295105,21,23,29,36,44,57,64,0.568563985147296,2.70805982848731,15,"[21, 64]","[25, 52]"
"7","carga_fam",1.41867833433917,1.20891310488286,0.852140387021544,0,0,0,1,2,3,4,0.530393396512628,2.8442823527946,2,"[0, 4]","[0, 3]"
"8","ingreso",3369.7800642978,241.396963949053,0.0716358217281328,3037.13,3037.13,3037.13,3461,3597,3597,3597,0.480156764415403,21.3145581257618,559.87,"[3037.13, 3597]","[3037.13, 3597]"
"9","antiguedad",2.98486486486487,1.33053878197272,0.445761815764131,0,1,2,3,4,5,5,-0.0164221606481385,2.21504362762395,2,"[0, 5]","[1, 5]"
"10","cuotas_pend",50.494946447428,17.6383020258857,0.34930826284269,35,36,48,48,48,66,162.600000000001,7.54818581890849,69.6617234043615,0,"[35, 162.600000000001]","[42, 60]"
"11","cuotas_canc",0.0137614678899083,0.185024109964883,13.4450853241149,0,0,0,0,0,0,0,23.1519473690203,674.909347866542,0,"[0, 0]","[0, 0]"
"12","saldo_cap",38138.8131875094,7662.56222542149,0.200912445485614,21030.0292,25609.798,32820,37996,43356.09,49974,57653.5432,0.0942229313112624,3.19762658490528,10536.09,"[21030.0292, 57653.5432]","[28166.912, 48494.076]"
"13","saldo_int",23.8265349223111,104.496305083998,4.38571136863668,0,0,0,0,0,138.888,530.3892,6.8896644935477,61.4438184890447,0,"[0, 530.3892]","[0, 21.96]"
"14","saldo_mora",0.000610951878111329,0.0497428900080291,81.4186710773395,0,0,0,0,0,0,0,81.4002466266232,6627.00015087507,0,"[0, 0]","[0, 0]"
"15","provision",1773.98011208327,5505.24108561398,3.10332739815719,150.7612,246.504,334.47,388.52,455.93,18142.352,28216.8628,4.05585624081071,19.1905892349326,121.46,"[150.7612, 28216.8628]","[278.942, 549.662]"
"16","cap_vig",38110.2457112687,7731.89183456363,0.202882235216799,20977.9092,25585.876,32811.54,37989.75,43341.58,49974,57653.5432,0.0123902028253611,3.53080024149661,10530.04,"[20977.9092, 57653.5432]","[28148.284, 48494.076]"
"17","cap_ref",28.5674762407603,1053.78561117128,36.8875991106184,0,0,0,0,0,0,0,37.7400542192778,1454.46361040393,0,"[0, 0]","[0, 0]"
"18","cap_ven",0,0,NA,0,0,0,0,0,0,0,NA,NA,0,"[0, 0]","[0, 0]"
"19","cap_jud",0,0,NA,0,0,0,0,0,0,0,NA,NA,0,"[0, 0]","[0, 0]"
"20","mora_prom1m6",0.00344036697247706,0.143673942783173,41.7612260356422,0,0,0,0,0,0,0,41.7252989650579,1742.00057372347,0,"[0, 0]","[0, 0]"
"21","mora",0.329106280193237,5.47472399255725,16.6351246452749,0,0,0,0,0,0,0,28.5918292354003,1188.614682571,0,"[0, 0]","[0, 0]"
"22","calificacion_conalin",0.192336702368381,0.724367943377484,3.76614517384262,0,0,0,0,0,3,3,3.55662573761182,13.7970659982739,0,"[0, 3]","[0, 0]"
"23","calificacion_sinalin",0.0140292653492231,0.181231320525196,12.9180905780809,0,0,0,0,0,0,0,14.4440077227495,229.227629958824,0,"[0, 0]","[0, 0]"
"24","sobreend",26758.6672582076,230496.31282621,8.6138936069587,0,0,0,0,0,0,2010163.7,8.49392891152283,73.1468303445719,0,"[0, 2010163.7]","[0, 0]"
"25","riesgocc",2258299.8937247,18310693.0395603,8.10817601791578,1,1,1,1,1,1,144828758.36,8.07943623012608,67.087403251984,0,"[1, 144828758.36]","[1, 1]"
"26","refinanciacion",NA,NA,NA,NA,NA,NA,NA,NA,NA,NA,NA,NA,NA,"[NA, NA]","[NA, NA]"
"27","im_pagcof",0.118408717105263,2.57737966719753,21.7668067875973,0,0,0,0,0,0,0,29.95132808537,1007.8996317907,0,"[0, 0]","[0, 0]"
"28","carga_gnv",6.52643129770992,167.46868671779,25.6600704241771,0,0,0,0,0,0,0,31.8950057751243,1109.9777172347,0,"[0, 0]","[0, 0]"
"29","nro_carga_gnv",0.0123355263157895,0.243069239026945,19.7048129771176,0,0,0,0,0,0,0,25.4600843730544,716.296457977938,0,"[0, 0]","[0, 0]"
"30","cv_carga_gnv",2.7029,1.49954531627275,0.554791267258409,0.746045,0.760625,1.5082,2.72475,3.5795,4.80513,4.880226,0.0771018099197003,1.75800043295253,2.0713,"[0.746045, 4.880226]","[0.77885, 4.71126]"
"31","relacion_im_pagcof_cuota",9.80674342105263e-05,0.00202806521234622,20.6803127732747,0,0,0,0,0,0,0,27.679069036424,859.774104259567,0,"[0, 0]","[0, 0]"
"32","relacion_carga_gnv_cuota",0.00595591603053435,0.14367042729312,24.1223057136066,0,0,0,0,0,0,0,29.1922220442838,927.131896508614,0,"[0, 0]","[0, 0]"
"33","can_emp_1m",1.60710710710711,0.941486875352022,0.585827087185718,1,1,1,1,2,4,5,1.79876235323757,6.33077160129986,1,"[1, 5]","[1, 3]"
"34","cm_1m",142.856583512012,268.186272178651,1.87731125570493,3,10.342125,34.8789575,65.886935,123.73975,590.7833875,1209.069094,7.55532568194958,109.890221766769,88.8607925,"[3, 1209.069094]","[17.560015, 332.998955]"
"35","por_cal0_1m",39.4688738738739,48.1020707771445,1.21873431025316,0,0,0,0,100,100,100,0.423477009802565,1.20524815808594,100,"[0, 100]","[0, 100]"
"36","saldo_cal4_1m",747.803063109287,1039.61716861864,1.39022855067753,0,0,0,369.58,1235.22,2467.2225,4319.69739999999,3.38102693273712,37.1015009175024,1235.22,"[0, 4319.69739999999]","[0, 2032.942]"
"37","por_cal4_1m",51.5965315315315,49.2259994999107,0.954056368495,0,0,0,89.325,100,100,100,-0.0603057244082473,1.02799509367675,100,"[0, 100]","[0, 100]"
"38","saldo_cal34_1m",810.352301180092,1175.52620926504,1.45063598579674,0,0,0,443.49,1313.855,2703.987,4621.7055,5.54156962972504,91.857932066326,1313.855,"[0, 4621.7055]","[0, 2139.509]"
"39","por_cal34_1m",53.6746346346346,49.3429437038199,0.91929724421413,0,0,0,100,100,100,100,-0.14146744280277,1.03572717177787,100,"[0, 100]","[0, 100]"
"40","saldo_cal234_1m",863.272326834274,1360.86988275029,1.57640855666111,0,0,0,483.85,1356.07,2930.354,4896.8111,8.30865820408088,164.751139760928,1356.07,"[0, 4896.8111]","[0, 2199.4]"
"41","por_cal234_1m",55.1628678678679,49.2137040285917,0.892152745692515,0,0,0,100,100,100,100,-0.201849386065184,1.05664517830031,100,"[0, 100]","[0, 100]"
"42","saldo_cal1234_1m",1120.99304771678,3423.17645292934,3.05369998493891,0,0,0,583.83,1456.3175,3291.599,6731.10709999999,16.6983239165099,364.027080717676,1456.3175,"[0, 6731.10709999999]","[0, 2319.192]"
"43","por_cal1234_1m",58.0786811811812,48.5742724600043,0.836352883228751,0,0,0,100,100,100,100,-0.320271277988387,1.1275428454057,100,"[0, 100]","[0, 100]"
"44","calificacion_1m",2.37012012012012,2.10842474473619,0.889585606584923,0,0,0,4,4,4,8,0.13095181077124,2.07298672935432,4,"[0, 8]","[0, 4]"
"45","saldo_1m",3993.38045407901,11377.8576856085,2.84917949001995,100,263.5335,802.5125,1507.055,3012.4975,17518.419,41697.0192,19.4501103429817,627.571308407095,2209.985,"[100, 41697.0192]","[426.682, 8173.32]"
"46","mora_1m",869.340430990251,1152.78685621429,1.32604767375327,0,0,0,332,1489.75,3055,4901.89999999999,1.81450341844675,7.61402307716972,1489.75,"[0, 4901.89999999999]","[0, 2443.5]"
"47","saldo_mora90_1m",757.014009748589,1047.80070519858,1.38412326813682,0,0,0,389.835,1247.5275,2478.1865,4362.9622,3.34321209476845,36.1005947467494,1247.5275,"[0, 4362.9622]","[0, 2048.206]"
"48","por_mora90_1m",0.532216752180605,0.490704008738429,0.922000306694424,0,0,0,1,1,1,1,-0.125893738858787,1.0429734887181,1,"[0, 1]","[0, 1]"
"49","saldo_mora60_1m",776.574879425346,1061.11349627959,1.36640203590516,0,0,0,425.605,1277.435,2535.1845,4366.71079999998,3.27267009494234,34.5184547579453,1277.435,"[0, 4366.71079999998]","[0, 2073.025]"
"50","por_mora60_1m",0.5385012570549,0.489418266878951,0.908852598702579,0,0,0,1,1,1,1,-0.149577161970733,1.0520794613882,1,"[0, 1]","[0, 1]"
"51","saldo_mora30_1m",814.519638276039,1229.8859029684,1.50995242493048,0,0,0,457.535,1309.8725,2650.6875,4705.3348,8.12408708438726,186.281513340096,1309.8725,"[0, 4705.3348]","[0, 2115.235]"
"52","por_mora30_1m",0.550403565931247,0.488055096120273,0.886722264043686,0,0,0,1,1,1,1,-0.19762529937182,1.06975194957739,1,"[0, 1]","[0, 1]"
"53","saldo_mora0_1m",1193.35863776296,3469.0853851315,2.90699314971614,0,0,0,626.86,1463.615,3299.3405,8367.5855,12.2929611190704,200.960743855281,1463.615,"[0, 8367.5855]","[0, 2339.519]"
"54","por_mora0_1m",0.599514545920985,0.476537481324738,0.794872258841815,0,0,0,1,1,1,1,-0.400366872023339,1.20682468563528,1,"[0, 1]","[0, 1]"
"55","por_mora_0_1m",0.400485454079015,0.476537481324738,1.18989959927663,0,0,0,0,1,1,1,0.40036687202334,1.20682468563528,1,"[0, 1]","[0, 1]"
"56","por_vig_1m",0.453138968701898,0.486987286967129,1.07469743412754,0,0,0,0,1,1,1,0.180850797054147,1.06747381537193,1,"[0, 1]","[0, 1]"
"57","saldo_novig_1m",109.06208055413,767.338208563127,7.03579286828548,0,0,0,0,0,439.372499999988,2404.65529999999,23.0061603162867,817.739872104964,0,"[0, 2404.65529999999]","[0, 0]"
"58","por_novig_1m",0.0424276808619805,0.182995714688524,4.3131208440032,0,0,0,0,0,0.248709999999999,1,4.57634464157693,22.9396866403079,0,"[0, 1]","[0, 0]"
"59","saldo_castigo_1m",701.830592611596,994.116876895334,1.4164627295543,0,0,0,260.435,1148.515,2414.2675,4158.99439999998,3.05561299246335,30.3233917779126,1148.515,"[0, 4158.99439999998]","[0, 1969.059]"
"60","por_castigo_1m",0.504433376090303,0.491713222259971,0.974783282722247,0,0,0,0.5385,1,1,1,-0.0146523992619236,1.02768423683336,1,"[0, 1]","[0, 1]"
"61","linea_activa_1m",4513.24924860853,8303.98065634604,1.83991182381656,1,300,900,1885,4600,17055.805,33680.94,6.92836582071316,83.5234367101186,3700,"[1, 33680.94]","[500, 11772.18]"
"62","linea_total_1m",4381.40234375,8047.58067454261,1.83675911116046,1,300,900,1800,4522.12,16944.271,33657.9597,6.76557775236427,78.5377681777168,3622.12,"[1, 33657.9597]","[500, 11207.004]"
"63","linea_usada_1m",2144.80086397059,3721.40707391469,1.73508279319946,0,0,288.285,897.695,2242.6225,9162.70999999999,16431.4570999999,4.79812710587514,41.613257424225,1954.3375,"[0, 16431.4570999999]","[0, 5799.478]"
"64","por_uso_linea_1m",0.562265073529412,0.370484739647503,0.658914730950513,0,0,0.20845,0.62345,0.925325,1,1,-0.315839215886196,1.59753084418387,0.716875,"[0, 1]","[0, 1]"
"65","disp_efectivo_1m",609.716176470588,2287.79001683562,3.75222128774532,0,0,0,0,194.0175,3441.9335,10516.4142,9.67842177646589,147.561676075375,194.0175,"[0, 10516.4142]","[0, 1370.698]"
"66","por_uso_efectivo_1m",0.101100367647059,0.224040334536897,2.2160189893574,0,0,0,0,0.0598,0.662959999999999,1,2.57292160843312,9.01238865574183,0.0598,"[0, 1]","[0, 0.39587]"
"67","saldo_me_1m",18.9542534633145,568.071676303113,29.9706700347023,0,0,0,0,0,0,29.5346999999981,50.6397985100121,2795.14557625026,0,"[0, 29.5346999999981]","[0, 0]"
"68","por_me_1m",0.00381600820933812,0.0572103051909174,14.9921860888345,0,0,0,0,0,0,0.00920899999999992,16.5381004303839,279.496226606457,0,"[0, 0.00920899999999992]","[0, 0]"
"69","por_cal0_min1m3",36.4569323964139,47.2271430104321,1.29542284295641,0,0,0,0,100,100,100,0.554930013705131,1.33976778679759,100,"[0, 100]","[0, 100]"
"70","saldo_cal4_max1m3",778.190723161034,1192.95535122906,1.53298582946767,0,0,0,384.105,1249.2425,2563.769,4569.4395,6.57654392297179,121.351287712102,1249.2425,"[0, 4569.4395]","[0, 2066.886]"
"71","por_cal4_max1m3",51.980678458929,49.2037610304292,0.946577891808513,0,0,0,100,100,100,100,-0.0757678725823391,1.03091215341824,100,"[0, 100]","[0, 100]"
"72","saldo_cal34_max1m3",887.526028827038,1688.6522011247,1.90265090406018,0,0,0,465.09,1343.2625,2999.427,5184.5093,12.0187993092152,254.540982177167,1343.2625,"[0, 5184.5093]","[0, 2234.357]"
"73","por_cal34_max1m3",54.4482626605282,49.2906845178018,0.905275615957066,0,0,0,100,100,100,100,-0.172895748316201,1.0453169895041,100,"[0, 100]","[0, 100]"
"74","saldo_cal234_max1m3",960.40962723658,1914.96368084174,1.99390304567409,0,0,0,506.445,1402.445,3219.453,5671.0476,11.6501300582419,227.445651668852,1402.445,"[0, 5671.0476]","[0, 2285.43]"
"75","por_cal234_max1m3",56.2973733947177,49.0446186028012,0.871170636308993,0,0,0,100,100,100,100,-0.248083924560543,1.07902963700355,100,"[0, 100]","[0, 100]"
"76","saldo_cal1234_max1m3",1318.49887673956,4182.25474747711,3.1719820329458,0,0,0,663.705,1513.4775,3723.4855,10533.7971,14.6168507579922,297.188493791741,1513.4775,"[0, 10533.7971]","[0, 2474.244]"
"77","por_cal1234_max1m3",60.3203901138842,48.0346321437425,0.796324958327586,0,0,0,100,100,100,100,-0.414538155047166,1.2016700601433,100,"[0, 100]","[0, 100]"
"78","calificacion_max1m3",4.90420877960477,3.5894503728757,0.731912227677423,0,0,1,4,9,9,9,-0.0694695252514011,1.50366800326672,8,"[0, 9]","[0, 9]"
"79","saldo_max1m3",4275.2190333002,11649.7605548748,2.72495057308957,90.5681,276.253,851.38,1582.005,3266.725,19074.697,43338.2371,18.2221549772756,572.312992859947,2415.345,"[90.5681, 43338.2371]","[449.416, 9112.27600000001]"
"80","mora_max1m3",877.107852882704,1151.38451443145,1.31270574154285,0,0,0,351,1498,3057.55,4855.17,1.78824883825033,7.47269701238755,1498,"[0, 4855.17]","[0, 2459.6]"
"81","saldo_mora90_max1m3",799.263044234592,1387.55262401585,1.73604001088857,0,0,0,407.165,1270.08,2597.7005,4626.7745,12.5967075563576,341.318509511156,1270.08,"[0, 4626.7745]","[0, 2084.771]"
"82","por_mora90_max1m3",0.537864289264414,0.490237178456034,0.911451435317421,0,0,0,1,1,1,1,-0.14873272379913,1.0498617662685,1,"[0, 1]","[0, 1]"
"83","saldo_mora60_max1m3",832.512166998012,1532.82144831231,1.84120005577764,0,0,0,448.81,1300.465,2703.6285,4761.6277,13.670893342841,340.756998704299,1300.465,"[0, 4761.6277]","[0, 2121.936]"
"84","por_mora60_max1m3",0.54638546222664,0.488526186213026,0.894105388935816,0,0,0,1,1,1,1,-0.180997880925907,1.06355218081504,1,"[0, 1]","[0, 1]"
"85","saldo_mora30_max1m3",887.01236083499,1688.98165038362,1.90412414184814,0,0,0,494.215,1343.2625,2848.146,5184.5093,12.8501594520528,279.816750635134,1343.2625,"[0, 5184.5093]","[0, 2192.425]"
"86","por_mora30_max1m3",0.562442718687873,0.485932320770639,0.863967662172381,0,0,0,1,1,1,1,-0.245812118926861,1.09435527080996,1,"[0, 1]","[0, 1]"
"87","saldo_mora0_max1m3",1403.49043737575,4043.0344867979,2.88069970348896,0,0,0,729.225,1579.9475,3713.997,14453.9278,10.3801335982197,139.425364234251,1579.9475,"[0, 14453.9278]","[0, 2499.85]"
"88","por_mora0_max1m3",0.631003727634195,0.466931410092604,0.739982015388811,0,0,0,1,1,1,1,-0.534743043392557,1.34264864374539,1,"[0, 1]","[0, 1]"
"89","por_mora_0_min1m3",0.368996272365805,0.466931410092604,1.26540955847302,0,0,0,0,1,1,1,0.534743043392557,1.34264864374539,1,"[0, 1]","[0, 1]"
"90","por_vig_min1m3",0.444285611332008,0.485375271032914,1.09248478603148,0,0,0,0,1,1,1,0.216033463843034,1.08355212830378,1,"[0, 1]","[0, 1]"
"91","saldo_novig_max1m3",180.573976143141,1296.01295928421,7.1771856995432,0,0,0,0,0,969.183999999999,3269.0822,20.5371423414826,568.999180023696,0,"[0, 3269.0822]","[0, 100.071000000001]"
"92","por_novig_max1m3",0.0645700795228628,0.225572033927248,3.49344519310029,0,0,0,0,0,0.736215,1,3.56212723446282,14.26958885934,0,"[0, 1]","[0, 0.0375400000000003]"
"93","saldo_castigo_max1m3",716.640539264414,1024.14071121262,1.42908565047665,0,0,0,268.395,1160.425,2454.4545,4364.172,3.05849298378314,28.3321041864554,1160.425,"[0, 4364.172]","[0, 1995.462]"
"94","por_castigo_max1m3",0.507552186878728,0.491575824730324,0.968522720300639,0,0,0,0.57065,1,1,1,-0.026989465820892,1.02909608556191,1,"[0, 1]","[0, 1]"
"95","linea_activa_max1m3",4573.90754416961,8619.22447962081,1.88443347321434,1,300,900,1878.215,4700,17335.302,33861.0302,8.02526683112495,115.627250089429,3800,"[1, 33861.0302]","[500, 12180.969]"
"96","linea_total_max1m3",4463.78175438596,8400.22431731801,1.88186268494516,1,282.027,900,1800,4606.6025,17209.411,33415.5313999999,7.89385628649051,110.938679922676,3706.6025,"[1, 33415.5313999999]","[500, 11484.251]"
"97","linea_usada_max1m3",2316.29643859649,3859.9147874271,1.6664165791171,0,0,377.4675,997.9,2496.3975,9615.467,17465.0392,4.64558565883816,38.8774182483334,2118.93,"[0, 17465.0392]","[0, 6197.48]"
"98","por_uso_linea_max1m3",0.633060614035088,0.368083594116532,0.581434993673656,0,0,0.328975,0.75635,0.977225,1,1,-0.611500034561186,1.87266158780214,0.64825,"[0, 1]","[0, 1]"
"99","disp_efectivo_max1m3",710.274535087719,2414.00468965775,3.39869243567857,0,0,0,0,448.56,4068.9415,10679.7036,9.18836369902194,136.570368988886,448.56,"[0, 10679.7036]","[0, 1693.66]"
"100","por_uso_efectivo_max1m3",0.130158421052632,0.252862562497633,1.94272917920066,0,0,0,0,0.124625,0.804905,1,2.14287700977518,6.69403437454463,0.124625,"[0, 1]","[0, 0.514050000000001]"
"101","saldo_me_max1m3",28.1758374751491,736.018601893207,26.1223327449404,0,0,0,0,0,0,108.5616,38.903535379832,1619.15335285108,0,"[0, 108.5616]","[0, 0]"
"102","por_me_max1m3",0.00466538270377734,0.06258658568641,13.4151021813787,0,0,0,0,0,0,0.0243099999999999,14.897555101172,227.919905347516,0,"[0, 0.0243099999999999]","[0, 0]"
"103","por_cal0_min1m6",33.1076209488023,46.0204375092847,1.39002550441334,0,0,0,0,100,100,100,0.709930035087788,1.54341391877034,100,"[0, 100]","[0, 100]"
"104","saldo_cal4_max1m6",814.522546240692,1267.19625071314,1.55575343685905,0,0,0,401.11,1287.79,2740.648,4870.5794,6.08334140745652,98.1877471542786,1287.79,"[0, 4870.5794]","[0, 2122.454]"
"105","por_cal4_max1m6",52.8072569281353,49.2008762762149,0.931706722490278,0,0,0,100,100,100,100,-0.109270244952137,1.03584767759988,100,"[0, 100]","[0, 100]"
"106","saldo_cal34_max1m6",951.196680278645,1803.30759737554,1.89583041526941,0,0,0,495.13,1403.825,3235.552,5621.89000000001,10.4952086307156,197.521572443371,1403.825,"[0, 5621.89000000001]","[0, 2302.632]"
"107","por_cal34_max1m6",55.7300845467356,49.1597456453147,0.882104271779619,0,0,0,100,100,100,100,-0.225291787012947,1.06643168426986,100,"[0, 100]","[0, 100]"
"108","saldo_cal234_max1m6",1097.11966850829,2947.62227866062,2.68669167390682,0,0,0,563.66,1475.81,3607.96099999998,7141.8224,21.8535856047452,763.684060207493,1475.81,"[0, 7141.8224]","[0, 2403.54]"
"109","por_cal234_max1m6",57.9921676843589,48.7822513629364,0.841186893175809,0,0,0,100,100,100,100,-0.318756202382763,1.12005102930385,100,"[0, 100]","[0, 100]"
"110","saldo_cal1234_max1m6",1535.12182560653,4656.64796159783,3.0334061335868,0,0,0,747.8,1646.855,4341.22899999999,20172.8440000001,12.1395927711995,210.698323430252,1646.855,"[0, 20172.8440000001]","[0, 2800.832]"
"111","por_cal1234_max1m6",63.0911531235322,47.2395963428481,0.748751512757315,0,0,0,100,100,100,100,-0.535218550045583,1.32216961551463,100,"[0, 100]","[0, 100]"
"112","calificacion_max1m6",4.80374113742646,3.53322165786605,0.735514582652746,0,0,1,4,9,9,9,-0.00798615021923503,1.53943644978635,8,"[0, 9]","[0, 9]"
"113","saldo_max1m6",4547.67397790055,11829.0202615905,2.60111439805793,92.9784,293.508,894.555,1663.73,3536.64,20158.02,45293.7994,16.9784921576555,519.829567865065,2642.085,"[92.9784, 45293.7994]","[457.088, 9778.66800000001]"
"114","mora_max1m6",882.728801345184,1146.17873189294,1.29844945598953,0,0,0,360,1512,3051.9,4834.04,1.76336037736884,7.37588556700336,1512,"[0, 4834.04]","[0, 2458]"
"115","saldo_mora90_max1m6",835.992584674514,1440.33256313682,1.72290112321702,0,0,0,431.36,1300.93,2769.395,4909.8228,11.3358254828019,286.472155538472,1300.93,"[0, 4909.8228]","[0, 2138.346]"
"116","por_mora90_max1m6",0.546796661061734,0.489435796436217,0.895096534579898,0,0,0,1,1,1,1,-0.185259802087635,1.06224395241034,1,"[0, 1]","[0, 1]"
"117","saldo_mora60_max1m6",880.347487388902,1599.70700076319,1.81713133016134,0,0,0,477.65,1343.465,2939.85,5149.52180000001,12.1680281032186,280.793394010848,1343.465,"[0, 5149.52180000001]","[0, 2196.584]"
"118","por_mora60_max1m6",0.557142733605573,0.487260789692212,0.874570842087239,0,0,0,1,1,1,1,-0.224743173281391,1.08188915490688,1,"[0, 1]","[0, 1]"
"119","saldo_mora30_max1m6",1001.2001561374,2281.54610844112,2.2788111792184,0,0,0,533.16,1406.115,3184.183,6116.3434,12.2866847856777,207.525736027215,1406.115,"[0, 6116.3434]","[0, 2281.712]"
"120","por_mora30_max1m6",0.577923756906077,0.483376438361458,0.836401744322159,0,0,0,1,1,1,1,-0.309640485412394,1.13156344553925,1,"[0, 1]","[0, 1]"
"121","saldo_mora0_max1m6",1646.109514773,4582.88138503266,2.78406834047408,0,0,0,827.56,1695.275,4368.005,27452.2750000001,8.72789786700803,98.3342111882465,1695.275,"[0, 27452.2750000001]","[0, 2861.94]"
"122","por_mora0_max1m6",0.663508431419649,0.455919576250223,0.687134563271084,0,0,0,1,1,1,1,-0.684881188010264,1.53260699918818,1,"[0, 1]","[0, 1]"
"123","por_mora_0_min1m6",0.336491568580351,0.455919576250223,1.35492124861772,0,0,0,0,1,1,1,0.684881188010264,1.53260699918818,1,"[0, 1]","[0, 1]"
"124","por_vig_min1m6",0.432086644246937,0.48315027784788,1.11817915291027,0,0,0,0,1,1,1,0.265505850325586,1.11050271687951,1,"[0, 1]","[0, 1]"
"125","saldo_novig_max1m6",236.31212827288,1502.63109506793,6.35867107647042,0,0,0,0,0,1251.858,3815.4696,18.2293721727905,440.69850307301,0,"[0, 3815.4696]","[0, 373.214]"
"126","por_novig_max1m6",0.0870997117463368,0.260323636680247,2.98880020910282,0,0,0,0,0,1,1,2.9439527284636,10.0826131559474,0,"[0, 1]","[0, 0.2557]"
"127","saldo_castigo_max1m6",742.710261830411,1088.27883938952,1.46528046711978,0,0,0,282.46,1202.425,2504.445,4624.103,3.26861484200109,28.2810860381293,1202.425,"[0, 4624.103]","[0, 2018.728]"
"128","por_castigo_max1m6",0.511486812394908,0.491862146001692,0.961632116571436,0,0,0,0.6852,1,1,1,-0.0431953062646492,1.02908970983731,1,"[0, 1]","[0, 1]"
"129","linea_activa_max1m6",4618.517786132,8995.08868528058,1.94761373709334,1,280.128,900,1809.11,4600,17504.344,37200.2372,7.98713331772674,108.250715285281,3700,"[1, 37200.2372]","[500, 12349.426]"
"130","linea_total_max1m6",4493.3536872428,8791.46021017789,1.95654756382476,1,200.271,900,1797.3,4500,17303.182,36751.9501999997,7.97857230151253,106.950712175277,3600,"[1, 36751.9501999997]","[500, 11436.432]"
"131","linea_usada_max1m6",2422.6084691358,3961.98181401831,1.63541978181544,0,0,445.84,1079,2602.725,9911.69899999999,17488.814,4.55402011025989,37.7712073617295,2156.885,"[0, 17488.814]","[0, 6155.06000000001]"
"132","por_uso_linea_max1m6",0.685388559670782,0.366610667589737,0.534894641027907,0,0,0.4398,0.8742,0.99895,1,1,-0.864899412199225,2.21291627390414,0.55915,"[0, 1]","[0, 1]"
"133","disp_efectivo_max1m6",786.497176954732,2522.54402972365,3.20731479226763,0,0,0,0,502.71,4224.484,11021.1524,8.97091583876524,133.966495094517,502.71,"[0, 11021.1524]","[0, 2108.634]"
"134","por_uso_efectivo_max1m6",0.151328888888889,0.276247003839224,1.82547434179639,0,0,0,0,0.18585,0.90123,1,1.90330784040389,5.50074234265563,0.18585,"[0, 1]","[0, 0.608220000000001]"
"135","saldo_me_max1m6",31.1115325486428,775.278280902491,24.9193214667373,0,0,0,0,0,0,150.352600000001,36.0598393215604,1385.96663313603,0,"[0, 150.352600000001]","[0, 0]"
"136","por_me_max1m6",0.00501112178717271,0.0639815114660581,12.767901915662,0,0,0,0,0,0,0.0347620000000005,14.3877848248033,213.533860403116,0,"[0, 0.0347620000000005]","[0, 0]"
"137","por_cal0_min1m12",27.6710866666667,43.617018878522,1.57626693175965,0,0,0,0,91.04,100,100,0.989809581281212,2.02797817059192,91.04,"[0, 100]","[0, 100]"
"138","saldo_cal4_max1m12",937.733728159746,1635.25223776729,1.74383429822492,0,0,0,484.24,1390.18,3225.601,6327.45459999996,6.89511522200364,89.3377341012597,1390.18,"[0, 6327.45459999996]","[0, 2275.572]"
"139","por_cal4_max1m12",55.5711177777778,49.0438543508136,0.882542160604615,0,0,0,100,100,100,100,-0.220573893407739,1.06934895937838,100,"[0, 100]","[0, 100]"
"140","saldo_cal34_max1m12",1135.16949171772,2348.83643663617,2.06915042535361,0,0,0,579.72,1525.49,3801.25,8345.02459999995,9.35303561402836,138.559553521467,1525.49,"[0, 8345.02459999995]","[0, 2514.5]"
"141","por_cal34_max1m12",58.8660511111111,48.7574602206459,0.82827808729033,0,0,0,100,100,100,100,-0.354277656367893,1.13894615433917,100,"[0, 100]","[0, 100]"
"142","saldo_cal234_max1m12",1320.55032675289,3343.72952048761,2.53207276750256,0,0,0,688.28,1614.875,4252.854,11320.1873999999,16.034409269918,452.565645262453,1614.875,"[0, 11320.1873999999]","[0, 2800.776]"
"143","por_cal234_max1m12",61.66244,48.074452277392,0.779639149495089,0,0,0,100,100,100,100,-0.474221909038182,1.24211748791972,100,"[0, 100]","[0, 100]"
"144","saldo_cal1234_max1m12",1866.06781710914,5132.11192897675,2.75022798310045,0,0,0,891.99,1833.19,5357.379,26746.3527999997,9.83771042036471,143.700254886999,1833.19,"[0, 26746.3527999997]","[0, 3394.878]"
"145","por_cal1234_max1m12",67.7705577777778,45.6460530523462,0.673538104880609,0,0,0,100,100,100,100,-0.753320292364752,1.60873346025347,100,"[0, 100]","[0, 100]"
"146","calificacion_max1m12",4.65198370794992,3.40626101819217,0.73221688467462,0,0,2,4,9,9,9,0.0905665109587796,1.6474732905374,7,"[0, 9]","[0, 9]"
"147","saldo_max1m12",4955.15227819378,12125.619866505,2.44707310406311,100.0036,305.918,944.93,1791.06,3914.025,22530.6849999999,45749.24,15.1971950330926,444.729661138011,2969.095,"[100.0036, 45749.24]","[493.764, 10958.482]"
"148","mora_max1m12",931.243476287724,1159.99961707285,1.24564589885454,0,0,5,454,1593,3153.5,4838.52,1.66028075178625,6.81358910200973,1588,"[0, 4838.52]","[0, 2509]"
"149","saldo_mora90_max1m12",966.333637395053,1778.40851868525,1.84036698078658,0,0,0,502.02,1413.195,3271.606,6671.60539999998,8.99257760178476,155.435673445078,1413.195,"[0, 6671.60539999998]","[0, 2285.19]"
"150","por_mora90_max1m12",0.575605877013842,0.486438318184843,0.845089214009442,0,0,0,1,1,1,1,-0.30236119182902,1.11731200085417,1,"[0, 1]","[0, 1]"
"151","saldo_mora60_max1m12",1033.74424098026,2032.07354709168,1.96574110552214,0,0,0,552.84,1459.24,3453.961,6841.03159999997,9.8877537084331,163.017479700007,1459.24,"[0, 6841.03159999997]","[0, 2367.56]"
"152","por_mora60_max1m12",0.588478307238484,0.48340993401994,0.821457525407195,0,0,0,1,1,1,1,-0.353222937162459,1.15321256923749,1,"[0, 1]","[0, 1]"
"153","saldo_mora30_max1m12",1192.31489675516,2683.48000464997,2.25064704966192,0,0,0,649.17,1535.61,3729.254,9460.0422,9.64516559387186,129.363490314435,1535.61,"[0, 9460.0422]","[0, 2474.44]"
"154","por_mora30_max1m12",0.614913410483322,0.476642840479392,0.775138145230482,0,0,0,1,1,1,1,-0.465654050818622,1.25051740798562,1,"[0, 1]","[0, 1]"
"155","saldo_mora0_max1m12",1997.94183117767,5193.66041309799,2.5995053169474,0,0,176.505,945.17,1888.7,5492.24,31757.4701999995,7.53203991831431,74.0709357438971,1712.195,"[0, 31757.4701999995]","[0, 3403.528]"
"156","por_mora0_max1m12",0.713728613569321,0.435228972566703,0.609796166627179,0,0,0.10335,1,1,1,1,-0.937719127788735,1.95110727078055,0.89665,"[0, 1]","[0, 1]"
"157","por_mora_0_min1m12",0.286271386430678,0.435228972566703,1.52033697112825,0,0,0,0,0.89665,1,1,0.937719127788735,1.95110727078055,0.89665,"[0, 1]","[0, 1]"
"158","por_vig_min1m12",0.396334195597912,0.47708938592254,1.20375529344068,0,0,0,0,1,1,1,0.414126293149243,1.21113598169262,1,"[0, 1]","[0, 1]"
"159","saldo_novig_max1m12",384.957935103245,1908.30879280407,4.9571878348014,0,0,0,0,0,1894.214,6226.24339999996,13.1693173663913,232.980962831163,0,"[0, 6226.24339999996]","[0, 981.374]"
"160","por_novig_max1m12",0.137598025867937,0.321241007289853,2.3346338384111,0,0,0,0,0,1,1,2.1138114467323,5.70727718588876,0,"[0, 1]","[0, 0.96962]"
"161","saldo_castigo_max1m12",833.740213297027,1372.58093728125,1.64629331222177,0,0,0,391.61,1289.845,2862.737,5393.03639999998,6.33106484141944,90.5706660042858,1289.845,"[0, 5393.03639999998]","[0, 2139.904]"
"162","por_castigo_max1m12",0.537089244383935,0.491370862093882,0.914877494256111,0,0,0,1,1,1,1,-0.146247376724522,1.04581090561685,1,"[0, 1]","[0, 1]"
"163","linea_activa_max1m12",4589.49254872564,9208.53274462128,2.00643810766796,4.5213,282.6075,900,1800,4500,17592.518,37073.5836,8.39320603854037,116.536360116803,3600,"[4.5213, 37073.5836]","[500, 11773.379]"
"164","linea_total_max1m12",4463.89764227642,9042.14436989815,2.02561642190501,2.04,257.686,900,1762.65,4400,17369.742,37024.3584,8.55407687702838,119.823846568445,3500,"[2.04, 37024.3584]","[500, 11161.314]"
"165","linea_usada_max1m12",2491.37913525499,4000.08950712231,1.605572371751,0,0,482.58,1116.56,2693.78,9764.55199999999,18305.1864,4.45228629460208,36.2511635238096,2211.2,"[0, 18305.1864]","[0, 6231.334]"
"166","por_uso_linea_max1m12",0.74180236511456,0.351458402780378,0.473789811557288,0,0,0.5736,0.9472,1,1,1,-1.17603734402489,2.86851812663799,0.4264,"[0, 1]","[0, 1]"
"167","disp_efectivo_max1m12",860.55889135255,2617.73275144526,3.0418984426864,0,0,0,0,650,4430.758,11980.4684,8.40524340115166,120.260948907675,650,"[0, 11980.4684]","[0, 2355.338]"
"168","por_uso_efectivo_max1m12",0.176058019216556,0.299086879156622,1.69879725153977,0,0,0,0,0.2516,0.9785,1,1.67517891578501,4.5392401489259,0.2516,"[0, 1]","[0, 0.70558]"
"169","saldo_me_max1m12",44.2093601089176,931.247930807609,21.0644969416728,0,0,0,0,0,0,343.033999999996,28.9533085778434,885.938180749434,0,"[0, 343.033999999996]","[0, 0]"
"170","por_me_max1m12",0.00708413886997958,0.076091102135356,10.7410517399379,0,0,0,0,0,0,0.108269999999998,11.9960610866763,149.41073914034,0,"[0, 0.108269999999998]","[0, 0]"
"171","expcred_1m12",6.88912354804646,5.50710719006529,0.799391555639458,0,0,0,10,12,12,12,-0.303835087500703,1.21790843411574,12,"[0, 12]","[0, 12]"
"172","cv_saldo_1m12",0.525986884501929,0.754077005120109,1.43364222063097,0,0,0,0.2315,0.73865,2.3355,3.4641,2.12632947624503,7.71715458677647,0.73865,"[0, 3.4641]","[0, 1.4771]"
"173","frec_por_cal0_100_1m12",2.35420123698899,4.13859791256501,1.75796267861037,0,0,0,0,3,12,12,1.47888836364155,3.53685240812583,3,"[0, 12]","[0, 11]"
"174","frec_por_cal4_100_1m12",3.62105898325539,5.22626398773096,1.44329711609184,0,0,0,0,11,12,12,0.864052119486841,1.84662891464394,11,"[0, 12]","[0, 12]"
"175","frec_calificacion_0_1m12",2.61457233368532,4.36917095625541,1.67108436816392,0,0,0,0,4,12,12,1.33901372342926,3.09057652195079,4,"[0, 12]","[0, 12]"
"176","frec_calificacion_4_1m12",3.74279680193091,5.28748748658894,1.4127102715972,0,0,0,0,12,12,12,0.816135878263289,1.76011953830422,12,"[0, 12]","[0, 12]"
"177","frec_calificacion_34_1m12",3.95383919143159,5.34887106449025,1.35282969425814,0,0,0,0,12,12,12,0.730863424419268,1.63241051547986,12,"[0, 12]","[0, 12]"
"178","frec_calificacion_234_1m12",4.08281792125509,5.36922112133533,1.31507728850293,0,0,0,0,12,12,12,0.680150319669153,1.56662858310044,12,"[0, 12]","[0, 12]"
"179","frec_calificacion_1234_1m12",4.27455121436114,5.36583096470076,1.25529691787837,0,0,0,0,12,12,12,0.61419167556374,1.49680357363631,12,"[0, 12]","[0, 12]"
"180","frec_mora_0_1m12",2.23789410167446,3.97551803712386,1.77645494223755,0,0,0,0,3,12,12,1.54403188847437,3.79918290829796,3,"[0, 12]","[0, 10]"
"181","frec_mora0_1m12",4.651229446372,5.39587957305665,1.16009748288498,0,0,0,1,12,12,12,0.480245210798992,1.36540707973006,12,"[0, 12]","[0, 12]"
"182","frec_mora30_1m12",4.26474581384824,5.42160861148553,1.27126184024398,0,0,0,0,12,12,12,0.612172447878096,1.47644833910734,12,"[0, 12]","[0, 12]"
"183","frec_mora60_1m12",4.14044350580781,5.41038038558575,1.30671518111444,0,0,0,0,12,12,12,0.657801883808261,1.52752925072245,12,"[0, 12]","[0, 12]"
"184","frec_mora90_1m12",4.05023382108915,5.39974563172965,1.33319355628649,0,0,0,0,12,12,12,0.691893027277483,1.56764760120853,12,"[0, 12]","[0, 12]"
"185","frec_mora120_1m12",3.97405340171972,5.38364520233449,1.35469875669129,0,0,0,0,12,12,12,0.720521338629441,1.60476500393462,12,"[0, 12]","[0, 12]"
"186","rec_por_cal0_100_1m12",2.46751343429409,2.86274393825264,1.16017359762486,1,1,1,1,2,10,12,1.97119022288787,5.70234198066939,1,"[1, 12]","[1, 7]"
"187","rec_por_cal4_100_1m12",2.11390837804375,2.74565652689682,1.2988531364059,1,1,1,1,1,10,12,2.43937777567821,7.6415545507761,0,"[1, 12]","[1, 7]"
"188","rec_calificacion_0_1m12",2.39753537197627,2.86681108463413,1.19573255024431,1,1,1,1,2,10,12,2.08384781970794,6.14725781447029,1,"[1, 12]","[1, 7]"
"189","rec_calificacion_4_1m12",2.07065435568045,2.69236350039014,1.300247669537,1,1,1,1,1,9,12,2.50608597533853,7.99964139913081,0,"[1, 12]","[1, 6]"
"190","rec_calificacion_34_1m12",2.13613955252181,2.74567710308724,1.28534537916582,1,1,1,1,1,10,12,2.40970031347205,7.52910451150208,0,"[1, 12]","[1, 7]"
"191","rec_calificacion_234_1m12",2.21113521330441,2.8011039567081,1.26681712626792,1,1,1,1,1,10,12,2.29793865956035,6.99757390285239,0,"[1, 12]","[1, 7]"
"192","rec_calificacion_1234_1m12",2.3580125041132,2.90764595537672,1.23309183064329,1,1,1,1,1,10,12,2.11922287405809,6.19701029780836,0,"[1, 12]","[1, 8]"
"193","rec_mora_0_1m12",2.59207346544224,2.90631524113733,1.12123181687733,1,1,1,1,3,10,12,1.84518127888362,5.25147952599701,2,"[1, 12]","[1, 8]"
"194","rec_mora0_1m12",2.35756327251324,2.84330036560682,1.206033534182,1,1,1,1,2,10,12,2.11554873219011,6.27550776431421,1,"[1, 12]","[1, 7]"
"195","rec_mora30_1m12",2.22107081174439,2.81879089836563,1.26911347601376,1,1,1,1,1,10,12,2.2995949027011,7.00491038365514,0,"[1, 12]","[1, 7]"
"196","rec_mora60_1m12",2.12359550561798,2.73290413712079,1.28692311218915,1,1,1,1,1,10,12,2.43520041052239,7.67124791857868,0,"[1, 12]","[1, 7]"
"197","rec_mora90_1m12",2.07260479041916,2.68026012463371,1.29318437215985,1,1,1,1,1,9,12,2.50583692351522,8.0364007159082,0,"[1, 12]","[1, 6]"
"198","rec_mora120_1m12",2.04435946462715,2.66339451691927,1.30280147058434,1,1,1,1,1,9,12,2.5525013913304,8.26029059594291,0,"[1, 12]","[1, 6]"
